SMILES,tanimoto similarity to closest train set,closest train set smiles,closest train set name,tanimoto similarity to closest abx,closest abx smiles,closest abx name,Database,hit_inh,hit_inh_epi_unc,hit_kill,hit_kill_epi_unc,row_num,cluster
Cl.NCCC1=CC=C(C=C1)C1=C2C=C(F)C=C(F)C2=NC=C1,0.3524590163934426,CNc1ncc(cc1C)-c1ccc2c(c1C)n(cc(C(O)=O)c2=O)C1CC1,ozenoxacin,0.3611532625189681,CN1CCN(c2c(F)cc3c(=O)c(C(=O)O)cn(CCF)c3c2F)CC1,FLEROXACIN,MolPort,0.1757027244195342,0.0138504018896645,0.162104669958353,0.0081574810357793,87,0
OC1=C(C=C(Cl)C=C1Cl)S(=O)C1=C(O)C(Cl)=CC(Cl)=C1,0.2580101180438449,Oc1cc(Cl)ccc1Oc1ccc(Cl)cc1Cl,triclosan,0.2934362934362934,Nc1ccc(S(=O)(=O)c2ccc(N)cc2)cc1,DAPSONE,MolPort,0.290916454171141,0.0507798468456657,0.1794628215022385,0.01517384645636,64,1
CN(C)CC(C)(C)CNC(=O)C1=CN(CC2CCCCC2)C=C(C(=O)NC2CC2)C1=O,0.4168310322156476,COc1c(c(cc2c1N(C=C(C(=O)O)C2=O)C1CC1)F)CN1CC[C@@H]2CCCN[C@@H]2C1,BRD-K38903973,0.3969716919025675,CO/N=C1\CN(c2nc3c(cc2F)c(=O)c(C(=O)O)cn3C2CC2)CC1CN,GEMIFLOXACIN,MolPort,0.2800307746976614,0.0333715753431904,0.1558149329697092,0.0126263825843704,100,10
Cl.Cl.ClC1=CC=C(COC2=CC=C(CNCC3CCNCC3)C=C2)C=C1,0.3480314960629921,CCCCCCCCCCCCCCCC[N+](C)(C)CCN(Cc1ccc(OC)cc1)c1ncccn1,thonzonium,0.3418367346938775,CC(C)(C)CC(C)(C)c1ccc(OCCOCC[N+](C)(C)Cc2ccccc2)cc1,BENZETHONIUM,MolPort,0.0459265668876469,0.0011488167294212,0.1390412253638108,0.0066738513445687,168,100
CN(C)C[C@@H]1CN(C)C[C@H]1NC(=O)C1=C(F)C=CC(F)=C1,0.3378287255563048,COc1c(c(cc2c1N(C=C(C(=O)O)C2=O)C1CC1)F)CN1CC[C@@H]2CCCN[C@@H]2C1,BRD-K38903973,0.3218066337332392,CCOc1ccc2ccccc2c1C(=O)N[C@@H]1C(=O)N2[C@@H](C(=O)O)C(C)(C)S[C@H]12,NAFCILLIN,MolPort,0.3114625147233407,0.0359428024020031,0.1201409943401813,0.0063600169246554,270,101
Cl.Cl.CNC1=C(F)C=NC(=N1)N1C[C@H](C2CC2)[C@H](C1)N(C)C,0.423841059602649,COc1cc2nc(nc(NC3CCN(Cc4ccccc4)CC3)c2cc1OC)N1CCCN(C)CC1,BIX-01294,0.368868541530412,N[C@H]1[C@@H]2CN(c3nc4c(cc3F)c(=O)c(C(=O)O)cn4-c3ccc(F)cc3F)C[C@H]12,TROVAFLOXACIN,MolPort,0.256701365361611,0.0358874572384028,0.1420456861456235,0.0170639496051537,152,102
FC1=CC=C(CN2C=NC3=C(N(CC4=CC=CC=C4)C4=C3C=C(F)C=C4)C2=O)C=C1,0.4636929460580913,C[C@@H](O)[C@H](NC(=O)[C@@H](C)[C@H](O)[C@@H](C)NC(=O)[C@@H](NC(=O)c1nc(nc(N)c1C)[C@H](CC(N)=O)NC[C@H](N)C(N)=O)[C@@H](O[C@@H]1O[C@@H](CO)[C@@H](O)[C@H](O)[C@@H]1O[C@@H]1O[C@H](CO)[C@@H](O)[C@H](OC(N)=O)[C@@H]1O)c1c[nH]cn1)C(=O)NCCc1nc(cs1)-c1nc(cs1)C(=O)NCCCNCCCCN,bleomycetin,0.4910668708524757,CN(C)[C@@H]1C(O)=C(C(=O)NCN[C@@H](C(=O)N[C@@H]2C(=O)N3[C@@H](C(=O)O)C(C)(C)S[C@H]23)c2ccccc2)C(=O)[C@@]2(O)C(O)=C3C(=O)c4c(O)cccc4[C@@](C)(O)[C@H]3C[C@@H]12,PENIMOCYCLINE,MolPort,0.1284713814345499,0.016188164924421,0.1200110625475645,0.0088024791257813,273,103
FC1=CC(CNC(=O)C2=CN(CC3=CC=CC=C3)C=C(C(=O)NC3CC3)C2=O)=C(F)C=C1,0.4514877102199224,COc1c(c(cc2c1N(C=C(C(=O)O)C2=O)C1CC1)F)CN1CC[C@@H]2CCCN[C@@H]2C1,BRD-K38903973,0.4253731343283582,C[C@H]1COc2c(C3(N)CC3)c(F)cc3c(=O)c(C(=O)O)cn1c23,PAZUFLOXACIN,MolPort,0.2011708077664176,0.0164041328121137,0.110263937463363,0.0040685880892564,350,104
Cl.Cl.OCC(CO)NC([C@H]1C[C@H](O)C1)C1CCNCC1,0.3339920948616601,[H][C@@]1(CC[C@@]2([H])[C@]3([H])[C@H](O)C[C@@]4([H])C[C@H](CC[C@]4(C)[C@@]3([H])CC[C@]12C)NCCCNCCCCNCCCN)[C@H](C)CC[C@@H](OS(O)(=O)=O)C(C)C,trodusquemine,0.2602739726027397,CCC(C)CCCC(=O)N[C@@H](CCN)C(=O)N[C@H](C(=O)N[C@@H](CCN)C(=O)N[C@H]1CCNC(=O)[C@H]([C@H](C)O)NC(=O)[C@H](CCN)NC(=O)[C@H](CCN)NC(=O)[C@H](CC(C)C)NC(=O)[C@@H](CC(C)C)NC(=O)[C@H](CCN)NC1=O)[C@@H](C)O,COLISTINE,MolPort,0.0795493525297691,0.0054553090972627,0.1594363854887585,0.0168426825349321,90,105
FC1=CC=C(CCNC(=O)C2=CN(CC3=CC=CC=C3)C=C(C(=O)NC3CC3)C2=O)C=C1,0.4150453955901427,COc1c(c(cc2c1N(C=C(C(=O)O)C2=O)C1CC1)F)CN1CC[C@@H]2CCCN[C@@H]2C1,BRD-K38903973,0.3972431077694235,C[C@H]1COc2c(C3(N)CC3)c(F)cc3c(=O)c(C(=O)O)cn1c23,PAZUFLOXACIN,MolPort,0.2387893076986074,0.0219721628954004,0.1565702784185608,0.0098725996270147,96,106
Cl.FC1=CC=C(C=C1)C1CCCNC2=C1C=CC(F)=C2,0.3525581395348837,OCCNCCNc1ccc(NCCNCCO)c2C(=O)c3c(O)ccc(O)c3C(=O)c12,mitoxantrone,0.3717047451669595,CCN1CC(C(=O)O)C(=O)c2cc(F)c(N3CCNCC3)cc21,,MolPort,0.116903785491983,0.0060192175775758,0.1683128964155912,0.0080989506014762,79,107
COCC1(CNCc2ccc3c(ccn3C)c2)CCC1,0.3948497854077253,CC(C)CCNC[C@@H](O)Cn1c2ccccc2c2ccccc12,BRD-A87865091,0.3682745825602968,CCC(C)CCCCC(=O)N[C@@H](CCNC(=O)n1ccc2ccccc21)C(=O)N[C@@H](C(=O)N[C@@H](CCNC(=O)n1ccc2ccccc21)C(=O)N[C@H]1CCNC(=O)[C@@H]([C@@H](C)O)NC(=O)[C@H](CCNC(=O)n2ccc3ccccc32)NC(=O)[C@H](CCNC(=O)n2ccc3ccccc32)NC(=O)[C@H](CC(C)C)NC(=O)[C@@H](Cc2ccccc2)NC(=O)[C@H](CCN)NC1=O)[C@@H](C)O,TETRA INDOLE ALDEHYDE POLYMYXIN B,ChemBridge Express,0.0806937964633107,0.0060588361044278,0.1095536405531068,0.0081548647016309,360,108
ClC1=CC=C2N=C(SC2=C1)N(CC3)CCN3CC(O)CN(C=C4)C5=C4C=CC=C5,0.4842958459979736,O[C@@H](CN1CCNCC1)Cn1c2ccc(Br)cc2c2cc(Br)ccc12 |&1:1|,BAX-channel-blocker,0.4481054365733113,CCN(CC)c1nc2c(s1)c1c(O)c3c(O)c(C)c4c(c32)C(=O)[C@@](C)(O/C=C/[C@H](OC)[C@@H](C)[C@@H](OC(C)=O)[C@H](C)[C@H](O)[C@H](C)[C@@H](O)[C@@H](C)/C=C/C=C(/C)C(=O)N1)O4,RIFAMEXIL,MayBridge,0.136236463394016,0.0102342495144613,0.1094010960310697,0.0071195053524938,368,109
Cl.[2H]C([2H])([2H])C(NCC(O)C1=CC2=CC=CC(CC)=C2O1)(C([2H])([2H])[2H])C([2H])([2H])[2H],0.346072186836518,C[C@@H](O)[C@H](NC(=O)[C@@H](C)[C@H](O)[C@@H](C)NC(=O)[C@@H](NC(=O)c1nc(nc(N)c1C)[C@H](CC(N)=O)NC[C@H](N)C(N)=O)[C@@H](O[C@@H]1O[C@@H](CO)[C@@H](O)[C@H](O)[C@@H]1O[C@@H]1O[C@H](CO)[C@@H](O)[C@H](OC(N)=O)[C@@H]1O)c1c[nH]cn1)C(=O)NCCc1nc(cs1)-c1nc(cs1)C(=O)NCCCNCCCCN,bleomycetin,0.360540223135643,C[C@@H](c1ccccc1)[C@@H]1NC(=O)CNC(=O)[C@H](CO)NC(=O)[C@@H]([C@@H](O)[C@@H]2CN=C(N)N2[C@H]2O[C@H](CO)[C@@H](O)[C@H](O)[C@@H]2O)NC(=O)[C@H]([C@H](O)[C@@H]2CN=C(N)N2)NC(=O)[C@@H](Cc2ccc3nc(SCC(=O)c4ccccc4)oc3c2)NC1=O,,MolPort,0.0315898895160577,0.010191449168801,0.1423207347987651,0.0357976381131346,151,11
Cl.CNCC1=CC=C(OCC2=C(Cl)C=C(Cl)C=C2)C=C1,0.3071786310517529,CC(C)(C)CC(C)(C)c1ccc(OCCOCC[N+](C)(C)Cc2ccccc2)cc1,benzethonium,0.3289124668435013,Cc1cc(O)ccc1Cl,CHLOROCRESOL,MolPort,0.0622194201995929,0.0026206435882459,0.129631572899719,0.0085482163116571,222,110
Cl.Cl.NC1CC(C1)C1=NC(N)=NC(NCCC2=CC=C(F)C=C2)=C1,0.3311948676824378,COc1cc2nc(nc(NC3CCN(Cc4ccccc4)CC3)c2cc1OC)N1CCCN(C)CC1,BIX-01294,0.3294422827496757,COc1ccc(C[C@H](N)C(=O)N[C@@H]2[C@@H](CO)O[C@@H](n3cnc4c(N(C)C)ncnc43)[C@@H]2O)cc1.Cl.Cl,PUROMYCIN HYDROCHLORIDE,MolPort,0.1285577751696109,0.0060795786638386,0.1425914955635865,0.0068474005375235,149,111
CN(C)C1=C(CC2=C(N(C)C)N(C)C3=CC=CC=C23)C2=CC=CC=C2N1C,0.4454482279360667,CNc1ncc(cc1C)-c1ccc2c(c1C)n(cc(C(O)=O)c2=O)C1CC1,ozenoxacin,0.447631754503002,Cc1c(F)c(N2CCNC(C)C2)cc2c1c(=O)c(C(=O)O)cn2C1CC1,GREPAFLOXACIN,MolPort,0.0707171004299501,0.0032816320234253,0.1942372506717219,0.0225861939418081,45,112
O=C(NC(NC(C(F)=C1)=C(F)C=C1F)=O)C2=C(OC)C(Cl)=CC(Cl)=C2OC,0.3882978723404255,Nc1nc(c(F)cc1F)-n1cc(C(O)=O)c(=O)c2cc(F)c(N3CC(O)C3)c(Cl)c12,delafloxacin,0.409489427539969,CO[C@H]1/C=C/O[C@@]2(C)Oc3c(C)c(O)c4c(=O)c(c5oc6cc(N7CCN(CC(C)C)CC7)cc(O)c6nc-5c4c3C2=O)NC(=O)/C(C)=C\C=C\[C@H](C)[C@H](O)[C@@H](C)[C@@H](O)[C@@H](C)[C@H](OC(C)=O)[C@@H]1C,RIFALAZIL,MayBridge,0.376717646420002,0.041327690466384,0.1206604487883547,0.0037246112614528,265,113
Cl.[2H]C([2H])(NC([2H])([2H])C(O)C1CCC2=CC(F)=CC=C2O1)C(O)C1CCC2=CC(F)=CC=C2O1,0.4013690105787181,"[H][C@@]12Cc3c(F)cc(NC(=O)CN4CCCC4)c(O)c3C(=O)[C@H]1C(=O)[C@]1(O)C(=O)[C@H](C(N)=O)C(=O)[C@@H](N(C)C)[C@]1([H])C2 |&1:29,&2:22|",eravacycline,0.4043243243243243,CN(C)[C@@H]1C(O)=C(C(=O)NCN[C@H]2[C@H](O)O[C@H](CO)[C@@H](O)[C@@H]2O)C(=O)[C@@]2(O)C(O)=C3C(=O)c4c(O)cccc4[C@@](C)(O)[C@H]3C[C@@H]12,MEGLUCYCLINE,MolPort,0.1030298439397787,0.0105237706670528,0.1831502052644888,0.01823160713149,55,12
CCC(O)CN(CC1CCCCC1)CC1=CC=CN1CC1=CC=C(F)C=C1,0.3426573426573426,C1CCC(CC1)c1ccc2n3CCNC4CCCc(c34)c2c1,tetrindole,0.3251165889407062,CS(=O)(=O)O.O.O.O=c1ccc2ncc(=O)n3c2n1C[C@H]3CN1CCC(NCc2cc3c(cn2)OCCC3)CC1,GEPOTIDACIN MESYLATE,MolPort,0.1370996694390972,0.0126480678537317,0.1530956466371814,0.0115969541203819,110,13
NCCc1ccc(-c2cc(F)c3nc(N)sc3c2)cc1,0.3784386617100371,Fc1cc(cc(F)c1CN1CCOCC1)-c1cccc2ncc(nc12)-c1cnn(c1)C1CCNCC1,NVP-BSK805,0.3799006073992269,CCN(CC)c1nc2c(s1)c1c(O)c3c(O)c(C)c4c(c32)C(=O)[C@@](C)(O/C=C/[C@H](OC)[C@@H](C)[C@@H](OC(C)=O)[C@H](C)[C@H](O)[C@H](C)[C@@H](O)[C@@H](C)/C=C/C=C(/C)C(=O)N1)O4,RIFAMEXIL,ChemBridge Express,0.3136380961785713,0.0377595868347033,0.1811925585071246,0.0105773114175527,58,14
OC(CNC1CCCCCC1)COC1=CC2=CC=C(Br)C=C2C=C1,0.3596059113300492,CCCCCCCCCCCC[N+](C)(C)CCOc1ccccc1,domiphen,0.3596059113300492,CCCCCCCCCCCC[N+](C)(C)CCOc1ccccc1,DOMIPHEN,MolPort,0.0817048134903113,0.002946518103534,0.1529710836708545,0.0074905188694803,111,15
NC1=C(C#N)C(=CN1CC1=C(Cl)C=C(Cl)C=C1)C1=CC=CC=C1,0.4107424960505529,C[C@@H](O)[C@H](NC(=O)[C@@H](C)[C@H](O)[C@@H](C)NC(=O)[C@@H](NC(=O)c1nc(nc(N)c1C)[C@H](CC(N)=O)NC[C@H](N)C(N)=O)[C@@H](O[C@@H]1O[C@@H](CO)[C@@H](O)[C@H](O)[C@@H]1O[C@@H]1O[C@H](CO)[C@@H](O)[C@H](OC(N)=O)[C@@H]1O)c1c[nH]cn1)C(=O)NCCc1nc(cs1)-c1nc(cs1)C(=O)NCCCNCCCCN,bleomycetin,0.4219150025601638,CO[C@H]1/C=C/O[C@@]2(C)Oc3c(C)c(O)c4c(=O)c(c5oc6cc(N7CCN(CC(C)C)CC7)cc(O)c6nc-5c4c3C2=O)NC(=O)/C(C)=C\C=C\[C@H](C)[C@H](O)[C@@H](C)[C@@H](O)[C@@H](C)[C@H](OC(C)=O)[C@@H]1C,RIFALAZIL,MolPort,0.0655490718161066,0.0050048914777523,0.1502584978938102,0.0124329664265937,124,16
CC1=CC=C2N1C=CN1C=C(C=C21)C1=CC=C(C)C=C1,0.3852392538523925,Fc1cc(cc(F)c1CN1CCOCC1)-c1cccc2ncc(nc12)-c1cnn(c1)C1CCNCC1,NVP-BSK805,0.3485967503692762,CNc1ncc(-c2ccc3c(=O)c(C(=O)O)cn(C4CC4)c3c2C)cc1C,OZENOXACIN,MolPort,0.1119786523903409,0.0111367903255656,0.2364182269200682,0.0223586791754724,18,17
COc1cc(F)c(CN(C)[C@@H]2C[C@@H]3C[C@H](N(C)C)C[C@@H]3C2)c(F)c1,0.3618157543391188,CCCCCCCCCCCCCCCC[N+](C)(C)CCN(Cc1ccc(OC)cc1)c1ncccn1,thonzonium,0.346551724137931,CCCCCCCCCCCC[N+](CCO)(CCO)Cc1ccccc1,BENZOXONIUM,ChemBridge Express,0.1776185997936409,0.0264287100439814,0.1385028915169338,0.0161637829090458,169,18
CN1C(=CC2=C1C1=C(C=CC=C1)N2CC1CC1)C(O)=O,0.4595771144278607,C[C@H]1NCc2cc(ccc12)-c1ccc2c(c1OC(F)F)n(cc(C(O)=O)c2=O)C1CC1,garenoxacin,0.4748971193415638,CC(C)Cn1cnc2c(N)nc3ccccc3c21,IMIQUIMOD,MolPort,0.2024390511214733,0.0313397344120902,0.1220472866048415,0.011168449889371,256,19
Cl.CCCCN1C(=N)N(CC(O)C2=CC=C(Br)C=C2)C2=CC=CC=C12,0.4473270440251572,COc1ccc2n(C(=O)[C@@H]3C[C@H](C)CC[C@H]3C(C)C)c(=O)n(CCN)c2c1,D-3263,0.4027187765505522,CC(C)Cn1cnc2c(N)nc3ccccc3c21,IMIQUIMOD,MolPort,0.0782378950777153,0.0049820181684551,0.1287921071052551,0.0070557980164122,227,2
COC1=CC=C(CCC(C)NCCC2=CC=C(F)C=C2)C=C1,0.360146252285192,CC(C)(C)CC(C)(C)c1ccc(OCCOCC[N+](C)(C)Cc2ccccc2)cc1,benzethonium,0.3705583756345177,CCCCCCc1ccc(O)cc1O,Hexylresorcinol,MolPort,0.0584002687285343,0.002981631603953,0.1053249995534618,0.0068032718213951,405,20
CC1CCC2=C(C1)SC(NS(=O)(=O)C1=CC(F)=CC=C1F)=N2,0.4565899581589958,C[C@@H](O)[C@H](NC(=O)[C@@H](C)[C@H](O)[C@@H](C)NC(=O)[C@@H](NC(=O)c1nc(nc(N)c1C)[C@H](CC(N)=O)NC[C@H](N)C(N)=O)[C@@H](O[C@@H]1O[C@@H](CO)[C@@H](O)[C@H](O)[C@@H]1O[C@@H]1O[C@H](CO)[C@@H](O)[C@H](OC(N)=O)[C@@H]1O)c1c[nH]cn1)C(=O)NCCc1nc(cs1)-c1nc(cs1)C(=O)NCCCNCCCCN,bleomycetin,0.4724208375893769,CO[C@H]1/C=C/O[C@@]2(C)Oc3c(C)c(O)c4c(=O)c(c5oc6cc(N7CCN(CC(C)C)CC7)cc(O)c6nc-5c4c3C2=O)NC(=O)/C(C)=C\C=C\[C@H](C)[C@H](O)[C@@H](C)[C@@H](O)[C@@H](C)[C@H](OC(C)=O)[C@@H]1C,RIFALAZIL,MolPort,0.4325555356219411,0.047914707630984,0.1170914865719775,0.0052615165557003,297,21
CC(C)CN1C=C(C(=O)NC2CC2)C(=O)C(=C1)C(=O)NC1CCCCC1,0.4101536406145624,COc1c(c(cc2c1N(C=C(C(=O)O)C2=O)C1CC1)F)CN1CC[C@@H]2CCCN[C@@H]2C1,BRD-K38903973,0.3891020721412125,O=C(O)c1cn(C2CC2)c2cc(N3CCNCC3)c(F)cc2c1=O,CIPROFLOXACIN,MolPort,0.3969994071871042,0.0320708551801645,0.2086237664644916,0.0121744517936758,36,22
COCCN(CC1=CC=CN1CC1=CC(C)=CC=C1)CC1=C(F)C=CC(F)=C1,0.3502398903358464,C1CCC(CC1)c1ccc2n3CCNC4CCCc(c34)c2c1,tetrindole,0.3381940549635446,CC1=C\[C@@H](O)CC(=O)Cc2nc(co2)C(=O)N2CCC=C2C(=O)O[C@H](C(C)C)[C@H](C)/C=C/C(=O)NC\C=C\1.CC[C@H]1NC(=O)[C@@H](NC(=O)c2ncccc2O)[C@@H](C)OC(=O)[C@H](c2ccccc2)NC(=O)[C@@H]2CC(=O)CCN2C(=O)[C@H](Cc2ccccc2)N(C)C(=O)[C@@H]2CCCN2C1=O,VIRGINIAMYCIN,MolPort,0.1538579483206073,0.0169866984275077,0.1265005980307857,0.0086233249275107,234,23
Cl.Cl.CO[C@H]1CNC[C@@H]1NC1CC(C)(C)CC(C)(C)C1,0.3687821612349914,"CC[C@@H](C)CCCC(=O)N[C@@H](CCN)C(=O)N[C@@H]([C@@H](C)O)C(=O)N[C@@H](CCN)C(=O)N[C@H]1CCNC(=O)[C@@H](NC(=O)[C@H](CCN)NC(=O)[C@H](CCN)NC(=O)[C@H](CC(C)C)NC(=O)[C@@H](CC(C)C)NC(=O)[C@H](CCN)NC1=O)[C@@H](C)O |a:10,17,18,24,31,37,41,48,55,63,71,78,&1:2|",colistin,0.3687821612349914,CCC(C)CCCC(=O)N[C@@H](CCN)C(=O)N[C@H](C(=O)N[C@@H](CCN)C(=O)N[C@H]1CCNC(=O)[C@H]([C@H](C)O)NC(=O)[C@H](CCN)NC(=O)[C@H](CCN)NC(=O)[C@H](CC(C)C)NC(=O)[C@@H](CC(C)C)NC(=O)[C@H](CCN)NC1=O)[C@@H](C)O,COLISTINE,MolPort,0.1664561166942197,0.0286057672013707,0.1577434143206725,0.0240324001271384,91,24
Cl.Cl.C(NCC1=CC=C2SC=CC2=C1)[C@H]1[C@@H]2CNC[C@H]12,0.2965367965367965,CCCCCCCCCCCCCCCC[N+](C)(C)Cc1ccccc1,benzyldimethylhexadecylammonium,0.2965367965367965,CCCCCCCCCCCCC[N+](C)(C)Cc1ccccc1,BENZALKONIUM,MolPort,0.123318583642443,0.0144074452019344,0.1737532659744222,0.0173787059837514,68,25
COC1=CC(=C(OC)C(=C1)S(=O)(=O)NC1CCCCC1)S(=O)(=O)NC1CCCCC1,0.3306623931623931,C[C@@H](O)[C@H](NC(=O)[C@@H](C)[C@H](O)[C@@H](C)NC(=O)[C@@H](NC(=O)c1nc(nc(N)c1C)[C@H](CC(N)=O)NC[C@H](N)C(N)=O)[C@@H](O[C@@H]1O[C@@H](CO)[C@@H](O)[C@H](O)[C@@H]1O[C@@H]1O[C@H](CO)[C@@H](O)[C@H](OC(N)=O)[C@@H]1O)c1c[nH]cn1)C(=O)NCCc1nc(cs1)-c1nc(cs1)C(=O)NCCCNCCCCN,bleomycetin,0.3378305450620615,CCCCc1ccc(CNC2C(Oc3c4cc5cc3Oc3ccc(cc3Cl)C(O)C3NC(=O)C(NC(=O)C5NC(=O)C5NC(=O)C(Cc6ccc(cc6)O4)NC(=O)C(NC)c4ccc(O)c(c4)Oc4cc(O)c(Cl)c5c4)c4ccc(O)c(c4)-c4c(cc(O)c(CN5CCN(Cc6ccc(-c7ccccc7)cc6)CC5)c4O)[C@H](C(=O)NCCCN(C)C)NC3=O)OC(C(=O)NCCCN(C)C)C(O)C2O)cc1,,MolPort,0.1197649246702591,0.0224627222301504,0.1170636987624069,0.0154466304471615,298,26
CN(CC1=CC2=CC(F)=CC=C2N1C)CC1(C)CCN(C)C1,0.4677302393038434,C1CCC(CC1)c1ccc2n3CCNC4CCCc(c34)c2c1,tetrindole,0.3981337480559875,CCn1cc(C(=O)O)c(=O)c2cc(F)c(N3CCN(C)CC3)cc21,PEFLOXACIN,MolPort,0.3363434969137112,0.0524864401221692,0.2333103951066732,0.0317244324030264,19,27
Cl.Cl.FC1=CC=CC(=C1)C1=CC=C(C=C1)N1CCC(CC1)NC1CCNCC1,0.2510390689941812,Fc1cc(cc(F)c1CN1CCOCC1)-c1cccc2ncc(nc12)-c1cnn(c1)C1CCNCC1,NVP-BSK805,0.359916054564533,CC(=O)NC[C@H]1CN(c2ccc(-c3ccc(CNCc4cnn[nH]4)cc3)c(F)c2)C(=O)O1,RADEZOLID,MolPort,0.0562447070764998,0.0031138357872828,0.12302497861286,0.0073270521280871,249,28
CCC1=CC=C(CN(C)CC2=CN=C(N2CCOC)S(=O)(=O)CC2CCCCC2)C=C1,0.4656448202959831,C[C@@H](O)[C@H](NC(=O)[C@@H](C)[C@H](O)[C@@H](C)NC(=O)[C@@H](NC(=O)c1nc(nc(N)c1C)[C@H](CC(N)=O)NC[C@H](N)C(N)=O)[C@@H](O[C@@H]1O[C@@H](CO)[C@@H](O)[C@H](O)[C@@H]1O[C@@H]1O[C@H](CO)[C@@H](O)[C@H](OC(N)=O)[C@@H]1O)c1c[nH]cn1)C(=O)NCCc1nc(cs1)-c1nc(cs1)C(=O)NCCCNCCCCN,bleomycetin,0.4706482899438489,CNC(=O)C[C@@H]1NC(=O)c2csc(n2)-c2ccc(-c3nc(C4=N[C@H](C(=O)N5CCC[C@H]5C(N)=O)CO4)cs3)nc2-c2csc(n2)-c2csc(n2)C(C(O)c2ccccc2)NC(=O)CNC(=O)c2nc(sc2COC)[C@H](C(C)C)NC(=O)c2nc1sc2C,,MolPort,0.1545498265884816,0.022013805867925,0.1094447267862657,0.0081904268397604,366,29
[2H]C([2H])([2H])C1(C(C#N)=[N+]([O-])O[N+]([O-])=C1C#N)C([2H])([2H])[2H],0.2423097679438748,C[C@@H](O)[C@H](NC(=O)[C@@H](C)[C@H](O)[C@@H](C)NC(=O)[C@@H](NC(=O)c1nc(nc(N)c1C)[C@H](CC(N)=O)NC[C@H](N)C(N)=O)[C@@H](O[C@@H]1O[C@@H](CO)[C@@H](O)[C@H](O)[C@@H]1O[C@@H]1O[C@H](CO)[C@@H](O)[C@H](OC(N)=O)[C@@H]1O)c1c[nH]cn1)C(=O)NCCc1nc(cs1)-c1nc(cs1)C(=O)NCCCNCCCCN,bleomycetin,0.2448347107438016,CNC(=O)C[C@@H]1NC(=O)c2csc(n2)-c2ccc(-c3nc(C4=N[C@H](C(=O)N5CCC[C@H]5C(N)=O)CO4)cs3)nc2-c2csc(n2)-c2csc(n2)C(C(O)c2ccccc2)NC(=O)CNC(=O)c2nc(sc2COC)[C@H](C(C)C)NC(=O)c2nc1sc2C,,MolPort,0.2062936400082055,0.0933915236712618,0.2316242106003601,0.0950081297203622,21,3
OC(CNCC1=CC(Cl)=CC(Cl)=C1)COC1=CC=C(Cl)C(Cl)=C1,0.4136986301369863,CC(C)(Cc1ccc2ccccc2c1)NC[C@@H](O)COc1cccc(Cl)c1C#N,NPS-2143,0.3433544303797468,CC(C)(C)CC(C)(C)c1ccc(OCCOCC[N+](C)(C)Cc2ccccc2)cc1,BENZETHONIUM,MolPort,0.0734878976208468,0.0026545600704801,0.1304198549439509,0.0045354181332564,217,30
O=C(NC1CCCCCCC1)c1cn(CC2CCCO2)cc(C(=O)NC2CCCC2)c1=O,0.4294996751137102,COc1c(c(cc2c1N(C=C(C(=O)O)C2=O)C1CC1)F)CN1CC[C@@H]2CCCN[C@@H]2C1,BRD-K38903973,0.415211970074813,COc1c(N2C[C@@H]3CCCN[C@@H]3C2)c(F)cc2c(=O)c(C(=O)O)cn(C3CC3)c12,MOXIFLOXACIN,ChemBridge Express,0.2151922242715954,0.009390915883076,0.1168136422211925,0.0027986503189975,299,31
OC1=C(C=C(Cl)C=C1Br)S(=O)(=O)C1=C(O)C(Br)=CC(Cl)=C1,0.2769981696156193,Nc1nc(c(F)cc1F)-n1cc(C(O)=O)c(=O)c2cc(F)c(N3CC(O)C3)c(Cl)c12,delafloxacin,0.2995169082125604,Nc1ccc(S(=O)(=O)c2ccc(N)cc2)cc1,DAPSONE,MolPort,0.3553337094684441,0.0735746670523646,0.1731754150552054,0.0183934831867575,71,32
Cl.Cl.CSC1=CC=C2C(C)=CC(=NC2=C1)N1C[C@@H]2CC[C@H](C1)[C@@H]2N,0.4405228758169934,N[C@H]1[C@@H]2CN(C[C@H]12)c1nc2n(cc(C(O)=O)c(=O)c2cc1F)-c1ccc(F)cc1F,trovafloxacin,0.4405228758169934,N[C@H]1[C@@H]2CN(c3nc4c(cc3F)c(=O)c(C(=O)O)cn4-c3ccc(F)cc3F)C[C@H]12,TROVAFLOXACIN,MolPort,0.0973086872138083,0.0051033281131877,0.1303896139065424,0.0079765941075968,219,33
CC(C)C[NH+](CC(C)C)CC1=C2OC=C(C(=O)C2=CC=C1[O-])C1=C(Cl)C=CC=C1,0.4774396642182581,C[C@@H](O)[C@H](NC(=O)[C@@H](C)[C@H](O)[C@@H](C)NC(=O)[C@@H](NC(=O)c1nc(nc(N)c1C)[C@H](CC(N)=O)NC[C@H](N)C(N)=O)[C@@H](O[C@@H]1O[C@@H](CO)[C@@H](O)[C@H](O)[C@@H]1O[C@@H]1O[C@H](CO)[C@@H](O)[C@H](OC(N)=O)[C@@H]1O)c1c[nH]cn1)C(=O)NCCc1nc(cs1)-c1nc(cs1)C(=O)NCCCNCCCCN,bleomycetin,0.4943589743589743,CO[C@H]1/C=C/O[C@@]2(C)Oc3c(C)c(O)c4c(=O)c(c5oc6cc(N7CCN(CC(C)C)CC7)cc(O)c6nc-5c4c3C2=O)NC(=O)/C(C)=C\C=C\[C@H](C)[C@H](O)[C@@H](C)[C@@H](O)[C@@H](C)[C@H](OC(C)=O)[C@@H]1C,RIFALAZIL,MolPort,0.1535445563495159,0.0155745603499947,0.2010572656989097,0.0212004831863193,41,34
Cl.Cl.C(NCC1=CC=CC2=CC=CC=C12)C1CCNCC1,0.4024390243902439,CCCCCCCCCCCCCCCC[N+](C)(C)Cc1ccccc1,benzyldimethylhexadecylammonium,0.4024390243902439,CCCCCCCCCCCCC[N+](C)(C)Cc1ccccc1,BENZALKONIUM,MolPort,0.0519660640507936,0.0009252740956461,0.1492249788095553,0.0036820371360443,128,35
Cl.Cl.CN(CC1=CC=CC2=CC=CC=C12)C1=NC(N)=NC(=C1)C1CC(N)C1,0.3828793774319066,COc1cc2nc(nc(NC3CCN(Cc4ccccc4)CC3)c2cc1OC)N1CCCN(C)CC1,BIX-01294,0.3837078651685393,Cc1c(N)nc([C@H](CC(N)=O)NC[C@H](N)C(N)=O)nc1C(=O)N[C@H](C(=O)N[C@H](CCO)[C@@H](O)[C@H](C)C(=O)N[C@H](C(=O)NCCC1=N[C@@H](c2nc(C(=O)NCCCC(=N)N)cs2)CS1)C(C)(C)O)C(C)O[C@@H]1O[C@@H](C)[C@@H](O)[C@@H](O)[C@@H]1O[C@H]1O[C@H](CO)[C@@H](O)[C@@H](OC(N)=O)[C@@H]1O,ZORBAMYCIN,MolPort,0.0874807468305031,0.0027312117088629,0.156162808338801,0.0043838630906157,99,36
Clc1ccc(Cl)c(-c2ccc(CNCC3CCNCC3)o2)c1,0.310752688172043,C[C@@H](O)[C@H](NC(=O)[C@@H](C)[C@H](O)[C@@H](C)NC(=O)[C@@H](NC(=O)c1nc(nc(N)c1C)[C@H](CC(N)=O)NC[C@H](N)C(N)=O)[C@@H](O[C@@H]1O[C@@H](CO)[C@@H](O)[C@H](O)[C@@H]1O[C@@H]1O[C@H](CO)[C@@H](O)[C@H](OC(N)=O)[C@@H]1O)c1c[nH]cn1)C(=O)NCCc1nc(cs1)-c1nc(cs1)C(=O)NCCCNCCCCN,bleomycetin,0.3216300940438871,Cc1onc(-c2c(Cl)cccc2Cl)c1C(=O)N[C@@H]1C(=O)N2[C@@H](C(=O)O)C(C)(C)S[C@H]12,DICLOXACILLIN,ChemBridge Core,0.0824284513791402,0.0032885460867909,0.1418482293685277,0.0068297935674906,154,37
OC(=O)C1=CC(Cl)=CN(CC2=C(Cl)C=C(Cl)C=C2)C1=O,0.4018324607329843,N[C@H]1CCN(C1)c1c(F)cc2c(c1Cl)n(cc(C(O)=O)c2=O)C1CC1 |&1:1|,clinafloxacin,0.4015394483643361,C[C@H]1NCc2cc(-c3ccc4c(=O)c(C(=O)O)cn(C5CC5)c4c3OC(F)F)ccc21,GARENOXACIN,MolPort,0.4093921289468805,0.0597737840187991,0.148278389001886,0.012000869717278,132,38
ClC1=CC=CC(CCNC(=O)C2=CN(C=C(C(=O)NC3CC3)C2=O)C2CCCCC2)=C1,0.4383916990920882,COc1c(c(cc2c1N(C=C(C(=O)O)C2=O)C1CC1)F)CN1CC[C@@H]2CCCN[C@@H]2C1,BRD-K38903973,0.4259740259740259,C[C@H]1NCc2cc(-c3ccc4c(=O)c(C(=O)O)cn(C5CC5)c4c3OC(F)F)ccc21,GARENOXACIN,MolPort,0.2920488335192203,0.0194539800950186,0.1712681571642557,0.0087719104374344,75,39
CNC(=O)C1=CN(C=C(C(=O)NCCC2=CC=C(F)C=C2)C1=O)C1CCCCC1,0.4204993429697766,COc1c(c(cc2c1N(C=C(C(=O)O)C2=O)C1CC1)F)CN1CC[C@@H]2CCCN[C@@H]2C1,BRD-K38903973,0.4238714613618974,O=C(O)c1cn(C2CC2)c2cc(N3CCNCC3)c(F)cc2c1=O,CIPROFLOXACIN,MolPort,0.2773878049105406,0.0223449430490172,0.1466034031162659,0.0076565382638937,136,4
ClC1=CC=C(C=C1)N1C(=O)C2=CC3=C(C=C2C1=O)C(=O)N(C3=O)C1=CC=C(Cl)C=C1,0.3265625,CN1CCN(CC1)c1cc2n(cc(C(O)=O)c(=O)c2cc1F)-c1ccc(F)cc1,difloxacin,0.3211624441132638,CC1CN(c2cc3c(cc2F)c(=O)c(C(=O)O)cn3-c2ccc(F)cc2F)CCN1,TEMAFLOXACIN,MolPort,0.19582398571074,0.0186844167899707,0.1633066931118567,0.0119020095466502,84,40
CN1C2=CC(=CN2C2=CC=CC=C12)C1=CC=C(F)C=C1,0.4093303235515425,Fc1cc(cc(F)c1CN1CCOCC1)-c1cccc2ncc(nc12)-c1cnn(c1)C1CCNCC1,NVP-BSK805,0.3913773796192609,CO[C@H]1/C=C/O[C@@]2(C)Oc3c(C)c(O)c4c(O)c(c5c(nc6cc(C)ccn65)c4c3C2=O)NC(=O)/C(C)=C\C=C\[C@H](C)[C@H](O)[C@@H](C)[C@@H](O)[C@@H](C)[C@H](OC(C)=O)[C@@H]1C,RIFAXIMIN,MolPort,0.0889306949141124,0.0070515181133619,0.2151166119302312,0.01682910414216,29,41
Cl.Cl.CN1C(CN2C[C@@H]3CCN[C@@H]3C2)=CC2=CC(C)=CC=C12,0.4907407407407407,C1CCC(CC1)c1ccc2n3CCNC4CCCc(c34)c2c1,tetrindole,0.4178743961352657,CCC(C)CCCCC(=O)N[C@@H](CCNC(=O)n1ccc2ccccc21)C(=O)N[C@@H](C(=O)N[C@@H](CCNC(=O)n1ccc2ccccc21)C(=O)N[C@H]1CCNC(=O)[C@@H]([C@@H](C)O)NC(=O)[C@H](CCNC(=O)n2ccc3ccccc32)NC(=O)[C@H](CCNC(=O)n2ccc3ccccc32)NC(=O)[C@H](CC(C)C)NC(=O)[C@@H](Cc2ccccc2)NC(=O)[C@H](CCN)NC1=O)[C@@H](C)O,TETRA INDOLE ALDEHYDE POLYMYXIN B,MolPort,0.160850883834064,0.0206325355749401,0.1785861238837242,0.0189171954702625,65,42
NC1CC(C1)C1=CC(=NC(N)=N1)N1CCN(CC1)C1=C(F)C=C(F)C=C1,0.4087643678160919,OC(=O)c1cn(-c2ccc(F)cc2)c2cc(N3CCNCC3)c(F)cc2c1=O,sarafloxacin,0.4147529575504523,CCn1cc(C(=O)O)c(=O)c2cc(F)c(N3CCNC(C)C3)c(F)c21,LOMEFLOXACIN,MolPort,0.2291992183774709,0.0141196727107781,0.119475821343561,0.0034674801751874,275,43
O=C(NC1CC1)C1=CN(C=C(C(=O)NC2CCCC2)C1=O)C1CCCCC1,0.4250825082508251,COc1c(c(cc2c1N(C=C(C(=O)O)C2=O)C1CC1)F)CN1CC[C@@H]2CCCN[C@@H]2C1,BRD-K38903973,0.4077733860342556,C[C@H]1NCc2cc(-c3ccc4c(=O)c(C(=O)O)cn(C5CC5)c4c3OC(F)F)ccc21,GARENOXACIN,MolPort,0.4283041271070639,0.0316965986005232,0.2371007251242796,0.0138005592961152,17,44
O=C1N(C2CCCCC2)C(=O)C2=CC3=C(C=C12)C(=O)N(C1CCCCC1)C3=O,0.3962848297213622,CCCCCCCCCC[n+]1cccc2c1ccc1ccccc12,BRD-K75143544,0.3181299885974915,Cc1cc(N)c2ccccc2[n+]1CCCCCCCCCC[n+]1c(C)cc(N)c2ccccc21,DEQUALINIUM,MolPort,0.5755056152741115,0.047670616374628,0.3515770383179187,0.0266022606207314,4,45
Cl.Cl.Cl.CN[C@@H]1CCN(C1)C1=NC(N)=NC(NCC2CC2)=C1,0.3537653239929947,COc1cc2nc(nc(NC3CCN(Cc4ccccc4)CC3)c2cc1OC)N1CCCN(C)CC1,BIX-01294,0.3053066850447967,NC1CCN(c2nc3c(cc2F)c(=O)c(C(=O)O)cn3-c2ccc(F)cc2F)C1,TOSUFLOXACIN,MolPort,0.1434622118870417,0.0102758521687737,0.1231611041973034,0.007638061484087,246,46
CCCCN1C=C(C(=O)C2=CC=CC=C12)S(=O)(=O)C1=CC=C(Cl)C=C1,0.483702737940026,N[C@H]1CCN(C1)c1c(F)cc2c(c1Cl)n(cc(C(O)=O)c2=O)C1CC1 |&1:1|,clinafloxacin,0.4879746835443038,CN1CCN(c2c(F)cc3c(=O)c(C(=O)O)cn4c3c2SCC4)CC1,RUFLOXACIN,MolPort,0.4715576576689879,0.0645998679371892,0.3165997882684072,0.030863922553211,7,47
Cl.Cl.C(N1CCNCC1)C1=CC2=C(NC3=C2C=CC=C3)C=C1,0.3463143254520167,O[C@@H](CN1CCNCC1)Cn1c2ccc(Br)cc2c2cc(Br)ccc12 |&1:1|,BAX-channel-blocker,0.3221343873517787,Nc1ccc2cc3ccc(N)cc3nc2c1.Nc1ccc2cc3ccc(N)cc3nc2c1.O=S(=O)(O)O,PROFLAVINE HEMISULFATE,MolPort,0.057282247642676,0.0035726724762824,0.1090214715649684,0.0063008890755464,374,48
CNC(=O)c1cn(CCC(C)C)cc(C(=O)NC2CCCCCC2)c1=O,0.4067909454061251,COc1c(c(cc2c1N(C=C(C(=O)O)C2=O)C1CC1)F)CN1CC[C@@H]2CCCN[C@@H]2C1,BRD-K38903973,0.3853211009174312,O=C(O)c1cn(C2CC2)c2cc(N3CCNCC3)c(F)cc2c1=O,CIPROFLOXACIN,ChemBridge Express,0.3543632665028174,0.0318385551693765,0.19217568654567,0.0105637373141634,47,49
CC1=CC=C(C=C1)S(=O)(=O)C(=CN)S(=O)(=O)C1=CC=C(C)C=C1,0.4748062015503876,Cc1ccc(cc1)S(=O)(=O)\C=C\C#N,BAY-11-7082,0.25,Cc1ccc(S(=O)(=O)NCl)cc1,chloramine-t,MolPort,0.2195773452925399,0.0467680943987962,0.1851248279034431,0.0214786506843802,54,5
CN1C=CC2=CC(CNCC3=CC=C4N(C)C=CC4=C3)=CC=C12,0.4405010438413361,CCCCCCCCCCCCCCCC[n+]1cccc2ccccc12,BRD-K10119760,0.4201183431952662,C[N+]1=C2C=C(C=CC2=CC3=C1C=C(C=C3)N)N.C1=CC(=CC2=NC3=C(C=CC(=C3)N)C=C21)N.[Cl-],ACRIFLAVINE,MolPort,0.1707456197279195,0.0257033780180334,0.3266028974205255,0.0344405069545882,6,50
c1ccc(CNCc2cn(Cc3ccccc3)c3ccccc23)cc1,0.4117647058823529,CC(C)c1ccc(cc1)Cn1ccc2c1ccc1nc(nc(c12)N)NC1CC1,BRD-K17140735,0.3576896311760612,Cc1c(F)c(N2CCNC(C)C2)cc2c1c(=O)c(C(=O)O)cn2C1CC1,GREPAFLOXACIN,ChemBridge Core,0.0412104659713804,0.0024090545742463,0.1393202463785807,0.0091795270499988,165,51
Cl.COC(=O)C1=CN(CCC2=CC=CC=C2)C=C(C(=O)N[C@@H]2CC[C@@H](N)C2)C1=O,0.4894162924951892,COc1c(c(cc2c1N(C=C(C(=O)O)C2=O)C1CC1)F)CN1CC[C@@H]2CCCN[C@@H]2C1,BRD-K38903973,0.4810045074050225,C[C@H]1NCc2cc(-c3ccc4c(=O)c(C(=O)O)cn(C5CC5)c4c3OC(F)F)ccc21,GARENOXACIN,MolPort,0.3035106855134169,0.0321529182371869,0.140807710463802,0.0061579061518325,158,52
CC(C)CN1C=C(C(=O)NCCC2=CNC3=CC=CC=C23)C(=O)C(=C1)C(=O)NC1CCCC1,0.4909677419354838,COc1c(c(cc2c1N(C=C(C(=O)O)C2=O)C1CC1)F)CN1CC[C@@H]2CCCN[C@@H]2C1,BRD-K38903973,0.4825129533678756,C[C@H]1NCc2cc(-c3ccc4c(=O)c(C(=O)O)cn(C5CC5)c4c3OC(F)F)ccc21,GARENOXACIN,MolPort,0.1525496845444043,0.0067721033541078,0.1185298609236876,0.0038484181247827,284,53
Cc1ccc(S(=O)(=O)C(=CNCc2ccccc2)S(=O)(=O)c2ccc(C)cc2)cc1,0.4016393442622951,Cc1ccc(cc1)S(=O)(=O)\C=C\C#N,BAY-11-7082,0.2818555490311215,CNC(=O)[C@@H]1NC(=O)C2NC(=O)C(NC(=O)C3NC(=O)C(CC(N)=O)NC(=O)C(NC(=O)C(CC(C)C)N(C)C(=O)OC(C)(C)C)C(O)c4ccc(c(Cl)c4)Oc4cc3cc(c4O)Oc3ccc(cc3)C2O)c2ccc(O)c(c2)-c2c1cc(O)c(CN1CCN(Cc3ccc(-c4ccccc4)cc3)CC1)c2O,,ChemBridge Core,0.1415394689422101,0.019317330368036,0.1429899550043046,0.0130107698339952,145,54
COCCN1C=C(C(=O)NC(C)C2=CC=C(F)C=C2)C(=O)C(=C1)C(=O)NC1CCCCCCC1,0.4541343669250646,COc1c(c(cc2c1N(C=C(C(=O)O)C2=O)C1CC1)F)CN1CC[C@@H]2CCCN[C@@H]2C1,BRD-K38903973,0.439922480620155,C[C@H]1NCc2cc(-c3ccc4c(=O)c(C(=O)O)cn(C5CC5)c4c3OC(F)F)ccc21,GARENOXACIN,MolPort,0.1846050122752785,0.0080315035681294,0.1191147628550728,0.0028815534147138,281,55
O=C(NC1CC1)C1=CN(CCC2=NC=CC=C2)C=C(C(=O)NC2CCCCCCC2)C1=O,0.4263465282284231,COc1c(c(cc2c1N(C=C(C(=O)O)C2=O)C1CC1)F)CN1CC[C@@H]2CCCN[C@@H]2C1,BRD-K38903973,0.4120700843608046,C[C@H]1NCc2cc(-c3ccc4c(=O)c(C(=O)O)cn(C5CC5)c4c3OC(F)F)ccc21,GARENOXACIN,MolPort,0.2284990422427654,0.0161514302177604,0.1400053257122636,0.0055493391916357,161,56
C[NH+](CC1=CC=CC=C1)CC1=C2OC=C(C(=O)C2=CC=C1[O-])C1=CC=C(Cl)C=C1,0.435492364402317,C[C@@H](O)[C@H](NC(=O)[C@@H](C)[C@H](O)[C@@H](C)NC(=O)[C@@H](NC(=O)c1nc(nc(N)c1C)[C@H](CC(N)=O)NC[C@H](N)C(N)=O)[C@@H](O[C@@H]1O[C@@H](CO)[C@@H](O)[C@H](O)[C@@H]1O[C@@H]1O[C@H](CO)[C@@H](O)[C@H](OC(N)=O)[C@@H]1O)c1c[nH]cn1)C(=O)NCCc1nc(cs1)-c1nc(cs1)C(=O)NCCCNCCCCN,bleomycetin,0.4526748971193415,CO[C@H]1/C=C/O[C@@]2(C)Oc3c(C)c(O)c4c(=O)c(c5oc6cc(N7CCN(CC(C)C)CC7)cc(O)c6nc-5c4c3C2=O)NC(=O)/C(C)=C\C=C\[C@H](C)[C@H](O)[C@@H](C)[C@@H](O)[C@@H](C)[C@H](OC(C)=O)[C@@H]1C,RIFALAZIL,MolPort,0.1206032961606979,0.005414120715507,0.1862575553357601,0.0098527326738988,52,57
Cl.Cl.CCC1=CC=C(CN(C)C2=NC(N)=NC(=C2)C2CC(N)C2)C=C1,0.3676703645007924,COc1cc2nc(nc(NC3CCN(Cc4ccccc4)CC3)c2cc1OC)N1CCCN(C)CC1,BIX-01294,0.3588732394366197,Cc1c(N)nc([C@H](CC(N)=O)NC[C@H](N)C(N)=O)nc1C(=O)N[C@H](C(=O)N[C@H](CCO)[C@@H](O)[C@H](C)C(=O)N[C@H](C(=O)NCCC1=N[C@@H](c2nc(C(=O)NCCCC(=N)N)cs2)CS1)C(C)(C)O)C(C)O[C@@H]1O[C@@H](C)[C@@H](O)[C@@H](O)[C@@H]1O[C@H]1O[C@H](CO)[C@@H](O)[C@@H](OC(N)=O)[C@@H]1O,ZORBAMYCIN,MolPort,0.1355742906530698,0.0088178617941902,0.1687151590983072,0.0063605011652768,78,58
O=S(N(CC)S(C1=C(Cl)SC(Cl)=C1)(=O)=O)(C2=C(Cl)SC(Cl)=C2)=O,0.3481012658227848,C[C@@H](O)[C@H](NC(=O)[C@@H](C)[C@H](O)[C@@H](C)NC(=O)[C@@H](NC(=O)c1nc(nc(N)c1C)[C@H](CC(N)=O)NC[C@H](N)C(N)=O)[C@@H](O[C@@H]1O[C@@H](CO)[C@@H](O)[C@H](O)[C@@H]1O[C@@H]1O[C@H](CO)[C@@H](O)[C@H](OC(N)=O)[C@@H]1O)c1c[nH]cn1)C(=O)NCCc1nc(cs1)-c1nc(cs1)C(=O)NCCCNCCCCN,bleomycetin,0.3577981651376147,CNC(=O)C[C@@H]1NC(=O)c2csc(n2)-c2ccc(-c3nc(C4=N[C@H](C(=O)N5CCC[C@H]5C(N)=O)CO4)cs3)nc2-c2csc(n2)-c2csc(n2)C(C(O)c2ccccc2)NC(=O)CNC(=O)c2nc(sc2COC)[C@H](C(C)C)NC(=O)c2nc1sc2C,,MayBridge,0.3319409304038951,0.0681533824840388,0.1358756343472123,0.0156905807051015,179,59
CN(CC1=CC=C(OCC2CCCNC2)C=C1)CC1=CC=CC2=CC=CC=C12,0.3610675039246467,CC(C)(C)CC(C)(C)c1ccc(OCCOCC[N+](C)(C)Cc2ccccc2)cc1,benzethonium,0.3610675039246467,CC(C)(C)CC(C)(C)c1ccc(OCCOCC[N+](C)(C)Cc2ccccc2)cc1,BENZETHONIUM,MolPort,0.0451091540977358,0.0009215097652877,0.1136804895475506,0.0044355482433213,321,6
ClC1=C(CN2C=C(C#N)C3=CC(Br)=CC=C23)C=CC=C1,0.4147431124348473,Cn1cc(C2=C(C(=O)NC2=O)c2cn(CCCSC(N)=N)c3ccccc23)c2ccccc12 |t:4|,bisindolylmaleimide-IX,0.3848662752772341,C[C@H]1NCc2cc(-c3ccc4c(=O)c(C(=O)O)cn(C5CC5)c4c3OC(F)F)ccc21,GARENOXACIN,MolPort,0.1386893960647285,0.02045868359226,0.2243468909834822,0.0280592155379122,23,60
COc1ccc(CCC(C)NC2CCCCC2C)cc1,0.3678343949044586,CCCCCCCOc1ccc(CCC(N)(CO)CO)cc1C(F)(F)F,amiselimod,0.3725490196078431,CCCCCCc1ccc(O)cc1O,Hexylresorcinol,ChemBridge Core,0.0671108751247326,0.0031793375383485,0.1293200520177682,0.0073839249448993,225,61
CC(c1ccc(Cc2cccc(N(C)C)c2)cc1)N(C)C,0.4039408866995074,CN(C)c1ccc(cc1)[C+](c1ccc(cc1)N(C)C)c1ccc(cc1)N(C)C,BRD-K60025295,0.2659090909090909,CCCCCCCCCCCCC[N+](C)(C)Cc1ccccc1,BENZALKONIUM,ChemBridge Express,0.0875055184277395,0.0051067633665697,0.1478130802822609,0.0087392562750022,134,62
CC1=CC=C(C=C1)S(=O)(=O)C(=CNC1=C(C)C=CC=C1)S(=O)(=O)C1=CC=C(C)C=C1,0.3721973094170404,Cc1ccc(cc1)S(=O)(=O)\C=C\C#N,BAY-11-7082,0.3076923076923077,CN1CCN(c2c(F)cc3c(=O)c(C(=O)O)cn4c3c2SCC4)CC1,RUFLOXACIN,MolPort,0.1603828934952616,0.0291037317426465,0.1664773322486629,0.0185690760190893,83,63
Cl.CN(CCN)C1CCC2C3CC[C@H]4CC(O)CC[C@]4(C)C3CC[C@]12C,0.4861111111111111,[H][C@@]1(CC[C@@]2([H])[C@]3([H])[C@H](O)C[C@@]4([H])C[C@H](CC[C@]4(C)[C@@]3([H])CC[C@]12C)NCCCNCCCCNCCCN)[C@H](C)CC[C@@H](OS(O)(=O)=O)C(C)C,trodusquemine,0.3251833740831296,C=C[C@]1(C)C[C@@H](OC(=O)CS[C@H]2C[C@@H]3CC[C@H](C2)N3C)[C@]2(C)[C@H](C)CC[C@]3(CCC(=O)[C@H]32)[C@@H](C)[C@@H]1O,RETAPAMULIN,MolPort,0.1700361229379874,0.0283391056172978,0.1737525799835566,0.0262329278180342,69,64
COCCN(C)C[C@@H]1CN(C[C@@H]1CO)C1=NC2=CC=C(Cl)C=C2S1,0.3929601846508944,"CO[C@]12[C@H]3N[C@H]3CN1C1=C([C@H]2COC(N)=O)C(=O)C(N)=C(C)C1=O |c:10,t:22|",mitomycin-C,0.4262659988870339,CCN(CC)c1nc2c(s1)c1c(O)c3c(O)c(C)c4c(c32)C(=O)[C@@](C)(O/C=C/[C@H](OC)[C@@H](C)[C@@H](OC(C)=O)[C@H](C)[C@H](O)[C@H](C)[C@@H](O)[C@@H](C)/C=C/C=C(/C)C(=O)N1)O4,RIFAMEXIL,MolPort,0.1949945475906133,0.0276667189600806,0.1031958078499883,0.0101302226571088,431,65
O=C(NC1CC1)C1=CN(C=C(C(=O)NC2CC3=CC=CC=C3C2)C1=O)C1CCCCC1,0.4575835475578406,COc1c(c(cc2c1N(C=C(C(=O)O)C2=O)C1CC1)F)CN1CC[C@@H]2CCCN[C@@H]2C1,BRD-K38903973,0.4425176621708414,C[C@H]1NCc2cc(-c3ccc4c(=O)c(C(=O)O)cn(C5CC5)c4c3OC(F)F)ccc21,GARENOXACIN,MolPort,0.2443013597279787,0.0196957899750382,0.1547385374704996,0.0076123920059307,104,66
[2H]C([2H])([2H])C([2H])([2H])C([2H])([2H])C([2H])([2H])C([2H])([2H])C([2H])([2H])C([2H])([2H])C([2H])([2H])C([2H])([2H])C([2H])([2H])C([2H])([2H])C([2H])([2H])C([2H])([2H])C(O)=O,0.2036316472114137,"[H][C@@]12Cc3c(F)cc(NC(=O)CN4CCCC4)c(O)c3C(=O)[C@H]1C(=O)[C@]1(O)C(=O)[C@H](C(N)=O)C(=O)[C@@H](N(C)C)[C@]1([H])C2 |&1:29,&2:22|",eravacycline,0.2046718576195773,C=C1c2c(Cl)ccc(O)c2C(=O)C2=C(O)[C@]3(O)C(=O)C(C(N)=O)=C(O)[C@@H](N(C)C)[C@@H]3[C@@H](O)[C@H]12,MECLOCYCLINE,MolPort,0.2349062682263441,0.1259497887670391,0.4199793042183349,0.1742411797919517,0,67
Cl.Cl.FC1=CC=C(COC2=C(CNCC3CCNCC3)C=C(Cl)C=C2)C=C1,0.3375959079283887,Cc1cc(ccc1OCCOCC[N+](C)(C)Cc1ccccc1)C(C)(C)CC(C)(C)C,methylbenzethonium-chloride,0.3007194244604316,CCOc1ccc2ccccc2c1C(=O)N[C@@H]1C(=O)N2[C@@H](C(=O)O)C(C)(C)S[C@H]12,NAFCILLIN,MolPort,0.0983599382142225,0.0046543321745577,0.1729826916009187,0.0104942029651288,72,68
Cl.Cl.CC1(C)C(CNC2=NC(N)=NC(=C2)C2CC(N)C2)C1(C)C,0.3405797101449275,COc1cc2nc(nc(NC3CCN(Cc4ccccc4)CC3)c2cc1OC)N1CCCN(C)CC1,BIX-01294,0.3221099887766554,CO[C@H]1/C=C/O[C@@]2(C)Oc3c(C)c(O)c4c(O)c(c5c(nc6cc(C)ccn65)c4c3C2=O)NC(=O)/C(C)=C\C=C\[C@H](C)[C@H](O)[C@@H](C)[C@@H](O)[C@@H](C)[C@H](OC(C)=O)[C@@H]1C,RIFAXIMIN,MolPort,0.1565908503020182,0.0186262817872374,0.1338246431512137,0.0155179467209951,194,69
Cl.Cl.CN(CC1=CC=C(CCN)C=C1)CC1=CC2=CC=CN=C2C=C1,0.3451882845188284,Nc1c2ccccc2nc2ccccc12,9-aminoacridine,0.3533190578158458,Nc1ccc2cc3ccc(N)cc3nc2c1.Nc1ccc2cc3ccc(N)cc3nc2c1.O=S(=O)(O)O,PROFLAVINE HEMISULFATE,MolPort,0.1222908713544408,0.0101359902770987,0.2139264840011795,0.0171593878728412,33,7
Cl.Cl.COC1=CC=C2NC(CNCC3=CC=C(CCN)C=C3)=CC2=C1,0.3885869565217391,"OCCN[C@H]1CCCc2c1[nH]c1ccc(cc21)-c1ccccc1 |&1:4,r|",casin,0.3914893617021276,CCOc1ccc2nc3cc(N)ccc3c(N)c2c1,ETHACRIDINE,MolPort,0.0857077395233015,0.0116946404808835,0.1805402784297863,0.0158583512466994,61,70
[2H]C([2H])([2H])C([2H])([2H])C([2H])([2H])C([2H])([2H])NC(=O)NS(=O)(=O)C1=CC=C(C)C=C1,0.3543223052294557,C[C@@H](O)[C@H](NC(=O)[C@@H](C)[C@H](O)[C@@H](C)NC(=O)[C@@H](NC(=O)c1nc(nc(N)c1C)[C@H](CC(N)=O)NC[C@H](N)C(N)=O)[C@@H](O[C@@H]1O[C@@H](CO)[C@@H](O)[C@H](O)[C@@H]1O[C@@H]1O[C@H](CO)[C@@H](O)[C@H](OC(N)=O)[C@@H]1O)c1c[nH]cn1)C(=O)NCCc1nc(cs1)-c1nc(cs1)C(=O)NCCCNCCCCN,bleomycetin,0.3604166666666666,CC1(C)S[C@@H]2[C@H](NC(=O)COc3ccccc3)C(=O)N2[C@H]1C(=O)O.CN(C)[C@@H]1C(O)=C(C(=O)NCN2CCN(CCO)CC2)C(=O)[C@@]2(O)C(O)=C3C(=O)c4c(O)cccc4[C@@](C)(O)[C@H]3C[C@@H]12,PENIMEPICYCLINE,MolPort,0.1162513204015946,0.0414219616366456,0.2031684623798355,0.0738647239214768,39,71
CN(C)CC(C)(C)CNC1CCC(c2ccccc2)CC1,0.3211678832116788,CCCCCCCCc1ccc(CCC(N)(CO)CO)cc1,fingolimod,0.3169877408056042,CC(C)(C)CC(C)(C)c1ccc(OCCOCC[N+](C)(C)Cc2ccccc2)cc1,BENZETHONIUM,ChemBridge Core,0.0428951769126191,0.0015476154672557,0.1129954996674011,0.0091405423922722,327,72
CN(CC1=CC(OCC(O)CN(C)C2CCCCC2)=CC=C1)C(C1CC1)C1CC1,0.3760479041916167,CC(C)(Cc1ccc2ccccc2c1)NC[C@@H](O)COc1cccc(Cl)c1C#N,NPS-2143,0.3713298791018998,CCCCCCCCCCCC[N+](CCO)(CCO)Cc1ccccc1,BENZOXONIUM,MolPort,0.0707792459055781,0.0033604830389386,0.1082735330797732,0.0074106075573529,381,73
Cc1ccc2c(c1)cc(CN(C)[C@@H]1CCCC[C@@H]1O)n2C,0.478955007256894,C1CCC(CC1)c1ccc2n3CCNC4CCCc(c34)c2c1,tetrindole,0.4148606811145511,Cc1cc(N)c2ccccc2[n+]1CCCCCCCCCC[n+]1c(C)cc(N)c2ccccc21,DEQUALINIUM,ChemBridge Express,0.0962861359740297,0.0056283845316588,0.1121868587409456,0.0056908654413282,332,74
CC(C)CNCc1ccc(-c2ccc(CCN)cc2)cc1,0.3606060606060606,CCCCCCCCCCCCCCCC[N+](C)(C)Cc1ccccc1,benzyldimethylhexadecylammonium,0.3606060606060606,CCCCCCCCCCCCC[N+](C)(C)Cc1ccccc1,BENZALKONIUM,ChemBridge Express,0.0545208184669415,0.0020558461494191,0.144825004786253,0.0067721480145775,141,75
CC(C)CCNC(=O)c1cn(C2CCCC2)cc(C(=O)NCC(C)(C)CN(C)C)c1=O,0.4179894179894179,COc1c(c(cc2c1N(C=C(C(=O)O)C2=O)C1CC1)F)CN1CC[C@@H]2CCCN[C@@H]2C1,BRD-K38903973,0.4036557501904037,O=C(O)c1cn(C2CC2)c2cc(N3CCNCC3)c(F)cc2c1=O,CIPROFLOXACIN,ChemBridge Express,0.2131923534402934,0.0237259249174559,0.1255633973477718,0.009492832913361,240,76
FC1=CN(CC2=C(Cl)C=C(Cl)C=C2)C(=O)N(CC2=C(Cl)C=C(Cl)C=C2)C1=O,0.3453580901856763,C[C@@H](O)[C@H](NC(=O)[C@@H](C)[C@H](O)[C@@H](C)NC(=O)[C@@H](NC(=O)c1nc(nc(N)c1C)[C@H](CC(N)=O)NC[C@H](N)C(N)=O)[C@@H](O[C@@H]1O[C@@H](CO)[C@@H](O)[C@H](O)[C@@H]1O[C@@H]1O[C@H](CO)[C@@H](O)[C@H](OC(N)=O)[C@@H]1O)c1c[nH]cn1)C(=O)NCCc1nc(cs1)-c1nc(cs1)C(=O)NCCCNCCCCN,bleomycetin,0.3557336621454994,C[C@@H]([C@H](N)C(=O)N[C@H](C(=O)O)[C@H]1O[C@@H](n2ccc(=O)[nH]c2=O)[C@H](O)[C@@H]1O)[C@H](O)c1ccc(O)cn1,NIKKOMYCIN,MolPort,0.4265577513103684,0.0679478218850468,0.2723373829387128,0.0327130390575214,11,77
Cl.Cl.CC(C)C1=CC=C(CNCC2CCNCC2)C=C1,0.4271523178807947,CCCCCCCCCCCCCCCC[N+](C)(C)Cc1ccccc1,benzyldimethylhexadecylammonium,0.4271523178807947,CCCCCCCCCCCCC[N+](C)(C)Cc1ccccc1,BENZALKONIUM,MolPort,0.0739302766509354,0.0043813541613288,0.1437776563689112,0.0086698106489479,143,78
O=S(N(S(C(C=C1)=CC=C1OC)(=O)=O)C(C=C2)=CC=C2Cl)(C(C=C3)=C(F)C=C3F)=O,0.3772241992882562,Nc1nc(c(F)cc1F)-n1cc(C(O)=O)c(=O)c2cc(F)c(N3CC(O)C3)c(Cl)c12,delafloxacin,0.3868073878627968,CO[C@H]1/C=C/O[C@@]2(C)Oc3c(C)c(O)c4c(c3C2=O)C2=NC3(CCN(CC(C)C)CC3)NC2=C(NC(=O)/C(C)=C\C=C\[C@H](C)[C@H](O)[C@@H](C)[C@@H](O)[C@@H](C)[C@H](OC(C)=O)[C@@H]1C)C4=O,RIFABUTIN,MayBridge,0.2393152892667179,0.0513296734604757,0.1762178335338831,0.0200519858026354,66,79
[O-]C1=C(C[NH+](CC2=CC=CC=C2)CC2=CC=CC=C2)C2=CC=CC=C2C=C1,0.2971698113207547,NCCCCc1ccc2ccc3cccc4ccc1c2c34,BRD-K67803490,0.2754491017964072,Oc1ccc2ccccc2c1,beta-napthol,MolPort,0.0796077979728579,0.0075798944491444,0.2015735905947319,0.0203139519905884,40,8
CCC(COC)NC(=O)C1=CN(C=C(C(=O)NC2CCCCCC2)C1=O)C1CC1,0.4328947368421053,COc1c(c(cc2c1N(C=C(C(=O)O)C2=O)C1CC1)F)CN1CC[C@@H]2CCCN[C@@H]2C1,BRD-K38903973,0.4073107049608355,C[C@H]1NCc2cc(-c3ccc4c(=O)c(C(=O)O)cn(C5CC5)c4c3OC(F)F)ccc21,GARENOXACIN,MolPort,0.3883928452928861,0.0293449314365595,0.2058019241318106,0.0089129078051514,38,80
C[C@H]1CNCC[C@H]1NC(=O)Cc1ccc2c(c1)c1ccccc1n2C,0.4378378378378378,CC(C)CCNC[C@@H](O)Cn1c2ccccc2c2ccccc12,BRD-A87865091,0.4335472043996333,CCC(C)CCCCC(=O)N[C@@H](CCNC(=O)n1ccc2ccccc21)C(=O)N[C@@H](C(=O)N[C@@H](CCNC(=O)n1ccc2ccccc21)C(=O)N[C@H]1CCNC(=O)[C@@H]([C@@H](C)O)NC(=O)[C@H](CCNC(=O)n2ccc3ccccc32)NC(=O)[C@H](CCNC(=O)n2ccc3ccccc32)NC(=O)[C@H](CC(C)C)NC(=O)[C@@H](Cc2ccccc2)NC(=O)[C@H](CCN)NC1=O)[C@@H](C)O,TETRA INDOLE ALDEHYDE POLYMYXIN B,ChemBridge Express,0.1260886568265656,0.0145737987337531,0.1507819251467784,0.0143255406441537,121,81
FC1=CC=C(C=C1)N1CCN(CC1)C1=CSC2=CC=C(Cl)C=C2C1=O,0.3650265957446808,N[C@H]1CCN(C1)c1c(F)cc2c(c1Cl)n(cc(C(O)=O)c2=O)C1CC1 |&1:1|,clinafloxacin,0.3633969716919025,N[C@@H]1CCCCN(c2c(F)cc3c(=O)c(C(=O)O)cn(C4CC4)c3c2Cl)C1,BESIFLOXACIN,MolPort,0.1578046274681886,0.019696261377243,0.1106105382554233,0.0122958891922817,346,82
Nc1nc(CNC(CCc2cc(F)cc(Cl)c2)C2CCC2)cs1,0.3185613359023763,"[H][C@@]12Cc3c(F)cc(NC(=O)CN4CCCC4)c(O)c3C(=O)[C@H]1C(=O)[C@]1(O)C(=O)[C@H](C(N)=O)C(=O)[C@@H](N(C)C)[C@]1([H])C2 |&1:29,&2:22|",eravacycline,0.3228155339805825,NC1C(=O)NC2Cc3ccc(c(Cl)c3)Oc3cc4cc(c3O)Oc3ccc(cc3Cl)C(O)C3NC(=O)C(NC(=O)C4NC(=O)C(NC2=O)c2cc(O)cc(c2)Oc2cc1ccc2O)c1ccc(O)c(c1)-c1c(O)cc(O)cc1[C@H](C(=O)C1NCCC2CCCCC21)NC3=O,,ChemBridge Express,0.2884981069092949,0.0638100734946406,0.2147086572522918,0.0402100014234215,31,83
C1=CN(C=C1)C1=CC=C(C=C1)C1=CC=C(C=C1)N1C=CC=C1,0.1769436997319035,O=c1n([se]c2ccccc12)-c1ccccc1,ebselen,0.1601513240857503,O=[N+]([O-])c1c(Cl)cccc1-c1c[nH]cc1Cl,PYRROLNITRIN,MolPort,0.0400339537533,0.0015609707985024,0.1391287182147304,0.0110939078040433,166,84
COC1=CC=C(C=C1)C1=CC2=CC=CC=C2N1CC(O)CNCC1=CC=CC=C1,0.459577567370721,C(Oc1ccc(cc1)-c1nc2ccccc2n1Cc1ccccc1)[C@H](C1CCNCC1)n1c(nc2ccccc12)-c1ccccc1,deltarasin,0.4538914323086985,C[C@H]1NCc2cc(-c3ccc4c(=O)c(C(=O)O)cn(C5CC5)c4c3OC(F)F)ccc21,GARENOXACIN,MolPort,0.0312979616535206,0.0008372827478316,0.1054112566014131,0.0043915016287812,403,85
CC(C)[C@@H]1CN(CC2=CC3=CC(F)=CC=C3N2C)C[C@H]1N(C)C,0.4811715481171548,C1CCC(CC1)c1ccc2n3CCNC4CCCc(c34)c2c1,tetrindole,0.4272189349112426,CC[C@H]1OC(=O)[C@H](C)[C@@H](O[C@H]2C[C@@](C)(OC)[C@@](O)(c3cc4ccccc4n3C)[C@H](C)O2)[C@H](C)[C@@H](O[C@@H]2O[C@H](C)C[C@H](N(C)C)[C@H]2O)[C@](C)(O)C[C@@H](C)CN(C)[C@H](C)[C@@H](O)[C@]1(C)O,,MolPort,0.2368608595182498,0.035313382577151,0.1735341482485334,0.0243686393889308,70,86
Cl.CCCCN1C(=N)N(CC(O)COC2=C(Cl)C=C(Cl)C=C2)C2=CC=CC=C12,0.4763052208835341,COc1ccc2n(C(=O)[C@@H]3C[C@H](C)CC[C@H]3C(C)C)c(=O)n(CCN)c2c1,D-3263,0.410958904109589,CC(C)Cn1cnc2c(N)nc3ccccc3c21,IMIQUIMOD,MolPort,0.1382527745018403,0.0102484825384484,0.1861223147561152,0.011371599741041,53,87
CN1C(=CC2=CC=CC=C12)C1=CC2=CC=CC=C2C=C1,0.4178712220762155,C[n+]1c(cc(cc1-c1ccccc1)CCCCc1cc([n+](c(c1)-c1ccccc1)C)-c1ccccc1)-c1ccccc1,BRD-K86638277,0.35,C[N+]1=C2C=C(C=CC2=CC3=C1C=C(C=C3)N)N.C1=CC(=CC2=NC3=C(C=CC(=C3)N)C=C21)N.[Cl-],ACRIFLAVINE,MolPort,0.0458248441185181,0.0018865900423811,0.194358505277584,0.0132288868584721,44,88
ClC1=C(C=CC(Cl)=C1)OS(NC(N=S(C2=CC=C(Cl)C=C2)(C)=O)=O)(=O)=O,0.3507741591030432,C[C@@H](O)[C@H](NC(=O)[C@@H](C)[C@H](O)[C@@H](C)NC(=O)[C@@H](NC(=O)c1nc(nc(N)c1C)[C@H](CC(N)=O)NC[C@H](N)C(N)=O)[C@@H](O[C@@H]1O[C@@H](CO)[C@@H](O)[C@H](O)[C@@H]1O[C@@H]1O[C@H](CO)[C@@H](O)[C@H](OC(N)=O)[C@@H]1O)c1c[nH]cn1)C(=O)NCCc1nc(cs1)-c1nc(cs1)C(=O)NCCCNCCCCN,bleomycetin,0.3525333333333333,Cc1c(N)nc([C@H](CC(N)=O)NC[C@H](N)C(N)=O)nc1C(=O)N[C@H](C(=O)N[C@H](C)[C@@H](O)[C@H](C)C(=O)N[C@H](C(=O)NCCc1nc(-c2nc(C(=O)NCCCN[C@@H](C)c3ccccc3)cs2)cs1)[C@@H](C)O)[C@@H](O[C@@H]1O[C@@H](CO)[C@@H](O)[C@H](O)[C@@H]1O[C@H]1O[C@H](CO)[C@@H](O)[C@H](OC(N)=O)[C@@H]1O)c1c[nH]cn1,PEPLOMYCIN,MayBridge,0.1605638615476588,0.0168774666113228,0.1099734223758181,0.0090578551444365,354,89
NCCN1C=CC2=CC(OCC3=CC=CC=C3)=CC=C12,0.4848066298342541,C[n+]1cc2c3OCOc3ccc2c2ccc3cc4OCOc4cc3c12,sanguinarium-chloride,0.3952451708766716,CCOc1ccc2nc3cc(N)ccc3c(N)c2c1,ETHACRIDINE,MolPort,0.0739349952278038,0.0063578410028945,0.1381005527451634,0.0101025412801185,170,9
ClC1=CC=C(C=C1)S(=O)(=O)CS(=O)(=O)C1=CC=C(Cl)C=C1,0.3537414965986394,Cc1ccc(cc1)S(=O)(=O)\C=C\C#N,BAY-11-7082,0.2301980198019802,Nc1ccc(S(N)(=O)=O)cc1,SULFANILAMIDE,MolPort,0.2307832300119723,0.0440744367583999,0.1809527602357169,0.0190691534855192,59,90
Cl.Cl.CN(CC1=CC=C(CCN)C=C1)CC1=CC=CC(=C1)N1C=CC=N1,0.2511457378551787,Cc1ccc(cc1)-c1ccc2CCCC(=Cc2c1)C(=O)Nc1ccc(C[N+](C)(C)C2CCOCC2)cc1 |c:15|,TAK-779,0.2441700960219478,CC[C@H]1OC(=O)[C@H](C)C(=O)[C@H](C)[C@@H](O[C@@H]2O[C@H](C)C[C@H](N(C)C)[C@H]2O)[C@@]2(C)C[C@@H](C)/C(=N\C(C)=O)[C@H](C)[C@@H](OC/C(=N\OCc3ccc(-n4cccn4)nc3)CO2)[C@]1(C)O,MODITHROMYCIN,MolPort,0.0730578650720417,0.0038419997493464,0.1626100052768985,0.0106772749587699,86,91
Cl.FC1=CC=C2N3C=CC=C3C(=NC2=C1)N1CCNCC1,0.4028548770816812,CSc1ccccc1Nc1nc(nc2c(NCC3CC3)ncnc12)N1CCNCC1,KHK-IN-1,0.3932748538011696,CCn1cc(C(=O)O)c(=O)c2cc(F)c(N3CCNCC3)nc21,ENOXACIN,MolPort,0.1378095143164197,0.011144480491839,0.1313749357747534,0.0094329386437138,208,92
Cl.Cl.N[C@H]1CC[C@H](CC1)NCC1=NC2=CC=C(F)C=C2C(O)=C1,0.3685978169605373,"OCCN[C@H]1CCCc2c1[nH]c1ccc(cc21)-c1ccccc1 |&1:4,r|",casin,0.3440860215053763,Cc1cc(N)c2ccccc2[n+]1CCCCCCCCCC[n+]1c(C)cc(N)c2ccccc21,DEQUALINIUM,MolPort,0.1341378261024753,0.0147731462253057,0.1630527089039484,0.0149103650383366,85,93
CN1CCC(CC1)NCCC(C1=CC=C(F)C=C1)C1=CC=C(Cl)C=C1,0.3541927409261577,CN[C@H]1CC[C@@H](c2ccc(Cl)c(Cl)c2)c2ccccc12,sertraline,0.3794466403162055,N#CC(CCN1CCC(C(=O)O)(c2ccccc2)CC1)(c1ccccc1)c1ccccc1,DIFENOXIN,MolPort,0.0813134476542472,0.0048430600372288,0.1221553890034556,0.0083133834739782,254,94
[Cl-].COC1=C(OC)C=C2C([NH2+]CCC2=C1)C1=CC=C(Br)C=C1,0.3717693836978131,CN[C@H]1CC[C@@H](c2ccc(Cl)c(Cl)c2)c2ccccc12,sertraline,0.3588888888888888,COc1cc(Cc2cnc(N)nc2N)cc(OC)c1OC,TRIMETHOPRIM,MolPort,0.12233261068662,0.0112620939016652,0.1356767022361358,0.0086423782617136,183,95
Cl.[2H]C([2H])([2H])C([2H])(NCC(O)COC1=CC=C(O)C2=CC=CC=C12)C([2H])([2H])[2H],0.3453865336658354,CC(C)(Cc1ccc2ccccc2c1)NC[C@@H](O)COc1cccc(Cl)c1C#N,NPS-2143,0.2605156037991858,CC(O)C(=O)O.CCOc1ccc2nc3cc(N)ccc3c(N)c2c1,ETHACRIDINE LACTATE,MolPort,0.0338616582142094,0.0028457346333718,0.1025142426874178,0.0150030025845316,438,96
Cl.Cl.N[C@H]1CC[C@H](CC1)NC1CCN(CC1)C1=CC(F)=C(F)C=C1,0.2521186440677966,CCCC[P+](CCCC)(CCCC)Cc1ccc(cc1)NC(=O)[C@@H](Cc1ccc2ccccc2c1)N=C(NC1CCCCC1)NC1CCCCC1,BRD-K80694030,0.3337408312958435,CC(=O)NC[C@H]1CN(c2ccc(N3CCOCC3)c(F)c2)C(=O)O1,LINEZOLID,MolPort,0.2000471824159224,0.030312226128622,0.193166250983874,0.0178797196219002,46,97
Cl.Cl.NCCC1=CC=C(CNCC2=CC(CO)=CC=C2)C=C1,0.2870090634441087,CCCCCCCCCCCCCCCC[N+](C)(C)Cc1ccccc1,benzyldimethylhexadecylammonium,0.2870090634441087,CCCCCCCCCCCCC[N+](C)(C)Cc1ccccc1,BENZALKONIUM,MolPort,0.0690322458123167,0.0053939421224294,0.1525532394647598,0.0089080845857845,117,98
OCC1=CN(CC2=CC=CC3=CC=CC=C23)C2=CC=CC=C12,0.4119922630560928,CC(C)c1ccc(cc1)Cn1ccc2c1ccc1nc(nc(c12)N)NC1CC1,BRD-K17140735,0.3647977288857346,Cc1c(F)c(N2CCNC(C)C2)cc2c1c(=O)c(C(=O)O)cn2C1CC1,GREPAFLOXACIN,MolPort,0.0578241256376107,0.0023187295183502,0.133004969668885,0.0071343813971142,199,99
